,id,Region,Area_Code,Area,Electorate,Pct_Turnout,Votes_Cast,Valid_Votes,Remain,Leave,Pct_Remain,Pct_Leave,Pct_Rejected,new_area_id,new_region_id
0,108,East,E06000031,Peterborough,120892,72.35,87469,87392,34176,53216,39.11,60.89,0.09,240,02
1,109,East,E06000032,Luton,127612,66.31,84616,84481,36708,47773,43.45,56.55,0.16,186,02
2,112,East,E06000033,Southend-on-Sea,128856,72.9,93939,93870,39348,54522,41.92,58.08,0.07,300,02
3,113,East,E06000034,Thurrock,109897,72.75,79950,79916,22151,57765,27.72,72.28,0.04,333,02
4,110,East,E06000055,Bedford,119530,72.06,86135,86066,41497,44569,48.22,51.78,0.08,022,02
5,111,East,E06000056,Central Bedfordshire,204004,77.89,158894,158804,69670,89134,43.87,56.13,0.06,059,02
6,184,East,E07000008,Cambridge,80108,72.22,57852,57799,42682,15117,73.85,26.15,0.09,051,02
7,185,East,E07000009,East Cambridgeshire,62435,77.08,48124,48086,23599,24487,49.08,50.92,0.08,100,02
8,186,East,E07000010,Fenland,71447,73.69,52649,52626,15055,37571,28.61,71.39,0.04,124,02
9,187,East,E07000011,Huntingdonshire,128486,77.82,99990,99927,45729,54198,45.76,54.24,0.06,163,02
10,188,East,E07000012,South Cambridgeshire,114830,81.21,93250,93189,56128,37061,60.23,39.77,0.07,284,02
11,222,East,E07000066,Basildon,132771,73.86,98062,97999,30748,67251,31.38,68.62,0.06,018,02
12,223,East,E07000067,Braintree,112562,76.67,86303,86236,33523,52713,38.87,61.13,0.08,035,02
13,224,East,E07000068,Brentwood,58777,79.5,46725,46704,19077,27627,40.85,59.15,0.04,038,02
14,225,East,E07000069,Castle Point,68860,75.38,51909,51845,14154,37691,27.3,72.7,0.12,058,02
15,226,East,E07000070,Chelmsford,129971,77.6,100852,100794,47545,53249,47.17,52.83,0.06,062,02
16,227,East,E07000071,Colchester,127520,75.11,95782,95719,44414,51305,46.4,53.6,0.07,074,02
17,228,East,E07000072,Epping Forest,100016,76.89,76900,76852,28676,48176,37.31,62.69,0.06,118,02
18,229,East,E07000073,Harlow,59124,73.56,43489,43469,13867,29602,31.9,68.1,0.05,147,02
19,230,East,E07000074,Maldon,49073,79.17,38850,38831,14529,24302,37.42,62.58,0.05,188,02
20,231,East,E07000075,Rochford,66589,78.81,52479,52447,17510,34937,33.39,66.61,0.06,258,02
21,232,East,E07000076,Tendring,111167,74.4,82703,82657,25210,57447,30.5,69.5,0.06,328,02
22,233,East,E07000077,Uttlesford,64735,80.28,51972,51943,25619,26324,49.32,50.68,0.06,341,02
23,251,East,E07000095,Broxbourne,68997,73.78,50907,50872,17166,33706,33.74,66.26,0.07,045,02
24,252,East,E07000096,Dacorum,108965,79.21,86307,86244,42542,43702,49.33,50.67,0.07,085,02
25,254,East,E07000098,Hertsmere,73295,76.62,56159,56125,27593,28532,49.16,50.84,0.06,156,02
26,255,East,E07000099,North Hertfordshire,99316,78.27,77737,77672,42234,35438,54.37,45.63,0.08,218,02
27,258,East,E07000102,Three Rivers,67380,78.5,52896,52848,25751,27097,48.73,51.27,0.09,332,02
28,259,East,E07000103,Watford,65060,71.68,46635,46586,23167,23419,49.73,50.27,0.11,350,02
29,299,East,E07000143,Breckland,98989,74.34,73593,73548,26313,47235,35.78,64.22,0.06,036,02
30,300,East,E07000144,Broadland,99254,78.37,77781,77737,35469,42268,45.63,54.37,0.06,042,02
31,301,East,E07000145,Great Yarmouth,72634,69.06,50158,50128,14284,35844,28.5,71.5,0.06,137,02
32,302,East,E07000146,King's Lynn and West Norfolk,113884,74.75,85128,85080,28587,56493,33.6,66.4,0.06,172,02
33,303,East,E07000147,North Norfolk,83065,76.84,63829,63790,26214,37576,41.09,58.91,0.06,222,02
34,304,East,E07000148,Norwich,96091,69.12,66422,66366,37326,29040,56.24,43.76,0.08,230,02
35,305,East,E07000149,South Norfolk,102395,78.54,80418,80358,38817,41541,48.31,51.69,0.07,292,02
36,345,East,E07000200,Babergh,70628,78.26,55272,55242,25309,29933,45.81,54.19,0.05,013,02
37,346,East,E07000201,Forest Heath,38527,72.62,27977,27951,9791,18160,35.03,64.97,0.09,127,02
38,347,East,E07000202,Ipswich,91574,72.51,66400,66353,27698,38655,41.74,58.26,0.07,166,02
39,348,East,E07000203,Mid Suffolk,78325,78.16,61222,61185,27391,33794,44.77,55.23,0.06,198,02
40,349,East,E07000204,St Edmundsbury,81148,76.72,62255,62210,26986,35224,43.38,56.62,0.07,304,02
41,350,East,E07000205,Suffolk Coastal,98195,80.68,79226,79184,37218,41966,47.0,53.0,0.05,315,02
42,351,East,E07000206,Waveney,90391,72.67,65687,65646,24356,41290,37.1,62.9,0.06,351,02
43,256,East,E07000240,St Albans,104859,82.51,86524,86445,54208,32237,62.71,37.29,0.09,303,02
44,260,East,E07000241,Welwyn Hatfield,78146,75.04,58641,58610,27550,31060,47.01,52.99,0.05,355,02
45,253,East,E07000242,East Hertfordshire,106260,80.4,85433,85366,42372,42994,49.64,50.36,0.08,105,02
46,257,East,E07000243,Stevenage,62156,73.7,45811,45785,18659,27126,40.75,59.25,0.06,308,02
47,88,East Midlands,E06000015,Derby,171246,70.53,120772,120655,51612,69043,42.78,57.22,0.1,090,01
48,89,East Midlands,E06000016,Leicester,213819,65.15,139307,138972,70980,67992,51.08,48.92,0.24,180,01
49,90,East Midlands,E06000017,Rutland,29390,78.2,22984,22966,11353,11613,49.43,50.57,0.08,266,01
50,91,East Midlands,E06000018,Nottingham,195394,61.82,120791,120661,59318,61343,49.16,50.84,0.11,231,01
51,195,East Midlands,E07000032,Amber Valley,96760,76.34,73864,73820,29319,44501,39.72,60.28,0.06,005,01
52,196,East Midlands,E07000033,Bolsover,58063,72.33,41999,41972,12242,29730,29.17,70.83,0.06,029,01
53,197,East Midlands,E07000034,Chesterfield,79905,71.92,57470,57424,22946,34478,39.96,60.04,0.08,067,01
54,198,East Midlands,E07000035,Derbyshire Dales,57075,81.92,46756,46728,22633,24095,48.44,51.56,0.06,091,01
55,199,East Midlands,E07000036,Erewash,87596,75.99,66566,66530,25791,40739,38.77,61.23,0.05,120,01
56,200,East Midlands,E07000037,High Peak,72487,75.69,54864,54833,27116,27717,49.45,50.55,0.06,157,01
57,201,East Midlands,E07000038,North East Derbyshire,78855,75.25,59341,59310,22075,37235,37.22,62.78,0.05,216,01
58,202,East Midlands,E07000039,South Derbyshire,73856,76.8,56718,56695,22479,34216,39.65,60.35,0.04,285,01
59,285,East Midlands,E07000129,Blaby,73832,76.54,56512,56471,22888,33583,40.53,59.47,0.07,025,01
60,286,East Midlands,E07000130,Charnwood,133780,70.46,94257,94172,43500,50672,46.19,53.81,0.09,061,01
61,287,East Midlands,E07000131,Harborough,67420,81.44,54910,54878,27028,27850,49.25,50.75,0.06,145,01
62,288,East Midlands,E07000132,Hinckley and Bosworth,85305,76.8,65516,65470,25969,39501,39.67,60.33,0.07,160,01
63,289,East Midlands,E07000133,Melton,37273,81.36,30327,30305,12695,17610,41.89,58.11,0.07,193,01
64,290,East Midlands,E07000134,North West Leicestershire,73944,77.95,57638,57611,22642,34969,39.3,60.7,0.05,226,01
65,291,East Midlands,E07000135,Oadby and Wigston,42684,73.77,31489,31465,14292,17173,45.42,54.58,0.08,233,01
66,292,East Midlands,E07000136,Boston,39363,77.27,30416,30404,7430,22974,24.44,75.56,0.04,031,01
67,293,East Midlands,E07000137,East Lindsey,107009,74.93,80178,80128,23515,56613,29.35,70.65,0.06,106,01
68,294,East Midlands,E07000138,Lincoln,63351,69.34,43928,43894,18902,24992,43.06,56.94,0.08,184,01
69,295,East Midlands,E07000139,North Kesteven,86468,78.4,67791,67753,25570,42183,37.74,62.26,0.06,219,01
70,296,East Midlands,E07000140,South Holland,65701,75.37,49518,49497,13074,36423,26.41,73.59,0.04,288,01
71,297,East Midlands,E07000141,South Kesteven,105457,78.25,82523,82471,33047,49424,40.07,59.93,0.06,289,01
72,298,East Midlands,E07000142,West Lindsey,73499,74.53,54781,54753,20906,33847,38.18,61.82,0.05,361,01
73,306,East Midlands,E07000150,Corby,43313,74.1,32097,32081,11470,20611,35.75,64.25,0.05,078,01
74,307,East Midlands,E07000151,Daventry,61004,81.01,49420,49381,20443,28938,41.4,58.6,0.08,088,01
75,308,East Midlands,E07000152,East Northamptonshire,68334,76.99,52607,52574,21680,30894,41.24,58.76,0.06,108,01
76,309,East Midlands,E07000153,Kettering,70570,76.43,53940,53907,21030,32877,39.01,60.99,0.06,171,01
77,310,East Midlands,E07000154,Northampton,144948,72.68,105354,105259,43805,61454,41.62,58.38,0.09,227,01
78,311,East Midlands,E07000155,South Northamptonshire,71309,79.46,56664,56624,25853,30771,45.66,54.34,0.07,293,01
79,312,East Midlands,E07000156,Wellingborough,54572,75.46,41178,41141,15462,25679,37.58,62.42,0.09,354,01
80,320,East Midlands,E07000170,Ashfield,91916,72.83,66946,66899,20179,46720,30.16,69.84,0.07,010,01
81,321,East Midlands,E07000171,Bassetlaw,85547,74.82,64003,63967,20575,43392,32.17,67.83,0.06,020,01
82,322,East Midlands,E07000172,Broxtowe,83593,78.32,65468,65426,29672,35754,45.35,54.65,0.06,046,01
83,323,East Midlands,E07000173,Gedling,88298,76.6,67635,67577,30035,37542,44.45,55.55,0.09,131,01
84,324,East Midlands,E07000174,Mansfield,77624,72.62,56370,56344,16417,39927,29.14,70.86,0.05,191,01
85,325,East Midlands,E07000175,Newark and Sherwood,87338,76.86,67128,67087,26571,40516,39.61,60.39,0.06,208,01
86,326,East Midlands,E07000176,Rushcliffe,86401,81.56,70470,70410,40522,29888,57.55,42.45,0.09,264,01
87,1,London,E09000001,City of London,5987,73.58,4405,4399,3312,1087,75.29,24.71,0.14,072,03
88,2,London,E09000002,Barking and Dagenham,115812,63.85,73941,73880,27750,46130,37.56,62.44,0.08,014,03
89,3,London,E09000003,Barnet,223467,72.14,161218,161033,100210,60823,62.23,37.77,0.11,015,03
90,4,London,E09000004,Bexley,170779,75.28,128570,128489,47603,80886,37.05,62.95,0.06,023,03
91,5,London,E09000005,Brent,186793,65.14,121671,121404,72523,48881,59.74,40.26,0.22,037,03
92,6,London,E09000006,Bromley,231473,78.87,182570,182432,92398,90034,50.65,49.35,0.08,043,03
93,7,London,E09000007,Camden,145425,65.52,95281,95133,71295,23838,74.94,25.06,0.16,052,03
94,8,London,E09000008,Croydon,245349,69.81,171289,171134,92913,78221,54.29,45.71,0.09,084,03
95,9,London,E09000009,Ealing,212991,70.08,149268,149041,90024,59017,60.4,39.6,0.15,098,03
96,10,London,E09000010,Enfield,198387,69.09,137056,136906,76425,60481,55.82,44.18,0.11,117,03
97,11,London,E09000011,Greenwich,168967,69.52,117470,117365,65248,52117,55.59,44.41,0.09,138,03
98,12,London,E09000012,Hackney,163284,65.18,106422,106266,83398,22868,78.48,21.52,0.15,141,03
99,13,London,E09000013,Hammersmith and Fulham,114863,69.95,80347,80242,56188,24054,70.02,29.98,0.13,144,03
100,14,London,E09000014,Haringey,150098,70.64,106032,105846,79991,25855,75.57,24.43,0.18,146,03
101,15,London,E09000015,Harrow,162397,72.26,117352,117225,64042,53183,54.63,45.37,0.11,149,03
102,16,London,E09000016,Havering,183082,76.02,139175,139086,42201,96885,30.34,69.66,0.06,154,03
103,17,London,E09000017,Hillingdon,193033,68.99,133170,133022,58040,74982,43.63,56.37,0.11,159,03
104,18,London,E09000018,Hounslow,165050,69.8,115208,115076,58755,56321,51.06,48.94,0.11,162,03
105,19,London,E09000019,Islington,144514,70.39,101723,101600,76420,25180,75.22,24.78,0.12,169,03
106,20,London,E09000020,Kensington and Chelsea,83042,65.99,54801,54739,37601,17138,68.69,31.31,0.11,170,03
107,21,London,E09000021,Kingston upon Thames,108838,78.4,85330,85270,52533,32737,61.61,38.39,0.07,174,03
108,22,London,E09000022,Lambeth,210800,67.44,142162,141924,111584,30340,78.62,21.38,0.17,177,03
109,23,London,E09000023,Lewisham,197514,63.1,124637,124473,86955,37518,69.86,30.14,0.13,182,03
110,24,London,E09000024,Merton,136352,73.49,100207,100100,63003,37097,62.94,37.06,0.11,196,03
111,25,London,E09000025,Newham,176985,59.25,104864,104699,55328,49371,52.84,47.16,0.16,211,03
112,26,London,E09000026,Redbridge,189843,67.63,128397,128233,69213,59020,53.97,46.03,0.13,248,03
113,27,London,E09000027,Richmond upon Thames,132632,82.09,108876,108806,75396,33410,69.29,30.71,0.06,255,03
114,28,London,E09000028,Southwark,195875,66.2,129677,129502,94293,35209,72.81,27.19,0.13,301,03
115,29,London,E09000029,Sutton,140288,76.01,106633,106560,49319,57241,46.28,53.72,0.07,318,03
116,30,London,E09000030,Tower Hamlets,167820,64.6,108420,108235,73011,35224,67.46,32.54,0.17,338,03
117,31,London,E09000031,Waltham Forest,162983,66.69,108689,108551,64156,44395,59.1,40.9,0.13,346,03
118,32,London,E09000032,Wandsworth,219521,71.98,158018,157884,118463,39421,75.03,24.97,0.08,347,03
119,33,London,E09000033,Westminster,120524,64.99,78325,78196,53928,24268,68.97,31.03,0.16,365,03
120,70,North East,E06000001,Hartlepool,70341,65.59,46134,46100,14029,32071,30.43,69.57,0.07,151,04
121,71,North East,E06000002,Middlesbrough,94612,64.89,61393,61358,21181,40177,34.52,65.48,0.06,200,04
122,72,North East,E06000003,Redcar and Cleveland,103529,70.26,72741,72714,24586,48128,33.81,66.19,0.04,249,04
123,73,North East,E06000004,Stockton-on-Tees,141486,71.0,100460,100415,38433,61982,38.27,61.73,0.04,311,04
124,74,North East,E06000005,Darlington,77662,71.07,55195,55166,24172,30994,43.82,56.18,0.05,086,04
125,75,North East,E06000047,County Durham,389507,68.69,267546,267398,113521,153877,42.45,57.55,0.06,097,04
126,76,North East,E06000057,Northumberland,240496,74.35,178815,178721,82022,96699,45.89,54.11,0.05,229,04
127,54,North East,E08000021,Newcastle upon Tyne,190735,67.67,129072,129003,65405,63598,50.7,49.3,0.05,210,04
128,55,North East,E08000022,North Tyneside,156993,72.3,113507,113462,52873,60589,46.6,53.4,0.04,224,04
129,56,North East,E08000023,South Tyneside,115893,68.27,79117,79079,30014,49065,37.95,62.05,0.05,298,04
130,57,North East,E08000024,Sunderland,207221,64.86,134400,134324,51930,82394,38.66,61.34,0.06,316,04
131,53,North East,E08000037,Gateshead,145866,70.62,103007,102958,44429,58529,43.15,56.85,0.05,130,04
132,78,North West,E06000006,Halton,95289,68.26,65047,65005,27678,37327,42.58,57.42,0.06,142,05
133,79,North West,E06000007,Warrington,157042,73.36,115205,115144,52657,62487,45.73,54.27,0.05,348,05
134,81,North West,E06000008,Blackburn with Darwen,100117,65.33,65408,65321,28522,36799,43.66,56.34,0.13,026,05
135,82,North West,E06000009,Blackpool,102354,65.42,66959,66927,21781,45146,32.54,67.46,0.05,027,05
136,77,North West,E06000049,Cheshire East,285957,77.36,221229,221125,107962,113163,48.82,51.18,0.05,065,05
137,80,North West,E06000050,Cheshire West and Chester,259878,74.51,193633,193537,95455,98082,49.32,50.68,0.05,066,05
138,189,North West,E07000026,Allerdale,74426,72.92,54268,54238,22429,31809,41.35,58.65,0.06,004,05
139,190,North West,E07000027,Barrow-in-Furness,53194,67.87,36101,36074,14207,21867,39.38,60.62,0.07,017,05
140,191,North West,E07000028,Carlisle,80124,74.54,59721,59683,23788,35895,39.86,60.14,0.06,056,05
141,192,North West,E07000029,Copeland,54206,70.06,37975,37947,14419,23528,38.0,62.0,0.07,077,05
142,193,North West,E07000030,Eden,41872,75.82,31746,31718,14807,16911,46.68,53.32,0.09,114,05
143,194,North West,E07000031,South Lakeland,81948,79.78,65375,65331,34531,30800,52.86,47.14,0.07,290,05
144,273,North West,E07000117,Burnley,64461,67.25,43350,43316,14462,28854,33.39,66.61,0.08,047,05
145,274,North West,E07000118,Chorley,84159,75.52,63560,63515,27417,36098,43.17,56.83,0.07,070,05
146,275,North West,E07000119,Fylde,61174,75.57,46227,46206,19889,26317,43.04,56.96,0.05,129,05
147,276,North West,E07000120,Hyndburn,62042,64.74,40168,40137,13569,26568,33.81,66.19,0.08,164,05
148,277,North West,E07000121,Lancaster,100567,72.69,73098,73041,35732,37309,48.92,51.08,0.08,178,05
149,278,North West,E07000122,Pendle,64534,70.33,45388,45335,16704,28631,36.85,63.15,0.12,238,05
150,279,North West,E07000123,Preston,94284,68.72,64794,64745,30227,34518,46.69,53.31,0.08,245,05
151,280,North West,E07000124,Ribble Valley,46148,79.02,36466,36442,15892,20550,43.61,56.39,0.07,254,05
152,281,North West,E07000125,Rossendale,52750,72.43,38205,38181,15012,23169,39.32,60.68,0.06,259,05
153,282,North West,E07000126,South Ribble,84573,75.38,63755,63724,26406,37318,41.44,58.56,0.05,295,05
154,283,North West,E07000127,West Lancashire,85834,74.47,63918,63869,28546,35323,44.69,55.31,0.08,360,05
155,284,North West,E07000128,Wyre,84471,74.61,63028,62979,22816,40163,36.23,63.77,0.08,380,05
156,34,North West,E08000001,Bolton,197109,70.1,138180,138080,57589,80491,41.71,58.29,0.07,030,05
157,35,North West,E08000002,Bury,141600,71.43,101144,101028,46354,54674,45.88,54.12,0.11,048,05
158,36,North West,E08000003,Manchester,338064,59.77,202067,201814,121823,79991,60.36,39.64,0.13,190,05
159,37,North West,E08000004,Oldham,158084,68.0,107493,107403,42034,65369,39.14,60.86,0.08,234,05
160,38,North West,E08000005,Rochdale,156621,65.97,103319,103231,41217,62014,39.93,60.07,0.09,257,05
161,39,North West,E08000006,Salford,173668,63.3,109926,109815,47430,62385,43.19,56.81,0.1,268,05
162,40,North West,E08000007,Stockport,221162,73.97,163584,163489,85559,77930,52.33,47.67,0.06,310,05
163,41,North West,E08000008,Tameside,168047,66.06,111016,110947,43118,67829,38.86,61.14,0.06,322,05
164,42,North West,E08000009,Trafford,165294,75.86,125400,125311,72293,53018,57.69,42.31,0.07,339,05
165,43,North West,E08000010,Wigan,235982,69.23,163381,163273,58942,104331,36.1,63.9,0.07,367,05
166,44,North West,E08000011,Knowsley,111647,63.54,70937,70903,34345,36558,48.44,51.56,0.05,176,05
167,45,North West,E08000012,Liverpool,317924,64.08,203728,203554,118453,85101,58.19,41.81,0.09,185,05
168,46,North West,E08000013,St. Helens,136096,68.86,93721,93679,39322,54357,41.98,58.02,0.04,305,05
169,47,North West,E08000014,Sefton,206298,71.73,147970,147878,76702,71176,51.87,48.13,0.06,273,05
170,48,North West,E08000015,Wirral,242568,70.96,172137,172000,88931,83069,51.7,48.3,0.08,371,05
171,381,Northern Ireland,N92000002,Northern Ireland,1260955,62.69,790523,790149,440707,349442,55.78,44.22,0.05,228,06
172,153,Scotland,S12000005,Clackmannanshire,37841,67.23,25439,25427,14691,10736,57.78,42.22,0.05,073,07
173,155,Scotland,S12000006,Dumfries and Galloway,115837,71.41,82715,82667,43864,38803,53.06,46.94,0.06,095,07
174,157,Scotland,S12000008,East Ayrshire,91977,62.91,57859,57833,33891,23942,58.6,41.4,0.04,099,07
175,159,Scotland,S12000010,East Lothian,77788,71.73,55800,55764,36026,19738,64.6,35.4,0.06,107,07
176,160,Scotland,S12000011,East Renfrewshire,69575,76.13,52969,52941,39345,13596,74.32,25.68,0.05,109,07
177,179,Scotland,S12000013,Eilean Siar,21259,70.18,14919,14903,8232,6671,55.24,44.76,0.11,075,07
178,162,Scotland,S12000014,Falkirk,117392,67.55,79302,79258,44987,34271,56.76,43.24,0.06,122,07
179,163,Scotland,S12000015,Fife,272995,66.78,182307,182220,106754,75466,58.59,41.41,0.05,125,07
180,165,Scotland,S12000017,Highland,175563,71.61,125728,125657,70308,55349,55.95,44.05,0.06,158,07
181,166,Scotland,S12000018,Inverclyde,58624,66.05,38722,38698,24688,14010,63.8,36.2,0.06,165,07
182,167,Scotland,S12000019,Midlothian,66758,68.15,45497,45468,28217,17251,62.06,37.94,0.06,201,07
183,168,Scotland,S12000020,Moray,71370,67.45,48139,48106,24114,23992,50.13,49.87,0.07,205,07
184,169,Scotland,S12000021,North Ayrshire,104572,64.59,67548,67504,38394,29110,56.88,43.12,0.07,213,07
185,171,Scotland,S12000023,Orkney Islands,16658,68.45,11402,11382,7189,4193,63.16,36.84,0.18,235,07
186,172,Scotland,S12000024,Perth and Kinross,110224,73.75,81294,81255,49641,31614,61.09,38.91,0.05,239,07
187,152,Scotland,S12000026,Scottish Borders,88440,73.44,64953,64914,37952,26962,58.47,41.53,0.06,271,07
188,174,Scotland,S12000027,Shetland Islands,17375,70.39,12231,12222,6907,5315,56.51,43.49,0.07,278,07
189,175,Scotland,S12000028,South Ayrshire,88116,69.84,61542,61506,36265,25241,58.96,41.04,0.06,282,07
190,176,Scotland,S12000029,South Lanarkshire,248949,65.35,162683,162592,102568,60024,63.08,36.92,0.06,291,07
191,177,Scotland,S12000030,Stirling,66100,74.03,48931,48899,33112,15787,67.72,32.28,0.07,309,07
192,148,Scotland,S12000033,Aberdeen City,154266,67.94,104809,104714,63985,40729,61.1,38.9,0.09,001,07
193,149,Scotland,S12000034,Aberdeenshire,196809,70.63,139014,138961,76445,62516,55.01,44.99,0.04,002,07
194,151,Scotland,S12000035,Argyll and Bute,66642,73.13,48734,48696,29494,19202,60.57,39.43,0.08,008,07
195,161,Scotland,S12000036,City of Edinburgh,346073,72.96,252481,252294,187796,64498,74.44,25.56,0.07,115,07
196,173,Scotland,S12000038,Renfrewshire,127294,69.29,88197,88129,57119,31010,64.81,35.19,0.08,252,07
197,154,Scotland,S12000039,West Dunbartonshire,67595,63.98,43245,43220,26794,16426,61.99,38.01,0.06,359,07
198,178,Scotland,S12000040,West Lothian,130925,67.64,88556,88508,51560,36948,58.25,41.75,0.05,362,07
199,150,Scotland,S12000041,Angus,87137,68.03,59282,59258,32747,26511,55.26,44.74,0.04,007,07
200,156,Scotland,S12000042,Dundee City,105554,62.92,66418,66385,39688,26697,59.78,40.22,0.05,096,07
201,170,Scotland,S12000044,North Lanarkshire,254567,60.91,155045,154949,95549,59400,61.66,38.34,0.06,220,07
202,158,Scotland,S12000045,East Dunbartonshire,83031,75.17,62418,62374,44534,17840,71.4,28.6,0.07,103,07
203,164,Scotland,S12000046,Glasgow City,449806,56.25,253000,252809,168335,84474,66.59,33.41,0.08,133,07
204,114,South East,E06000035,Medway,192524,72.18,138973,138886,49889,88997,35.92,64.08,0.06,192,08
205,115,South East,E06000036,Bracknell Forest,85298,76.11,64922,64890,29888,35002,46.06,53.94,0.05,033,08
206,116,South East,E06000037,West Berkshire,116757,79.95,93345,93277,48300,44977,51.78,48.22,0.07,356,08
207,117,South East,E06000038,Reading,103172,72.53,74826,74767,43385,31382,58.03,41.97,0.08,247,08
208,118,South East,E06000039,Slough,87873,62.13,54598,54542,24911,29631,45.67,54.33,0.1,280,08
209,119,South East,E06000040,Windsor and Maidenhead,102665,79.73,81855,81792,44086,37706,53.9,46.1,0.08,370,08
210,120,South East,E06000041,Wokingham,121891,80.03,97551,97501,55272,42229,56.69,43.31,0.05,373,08
211,121,South East,E06000042,Milton Keynes,177211,73.66,130534,130456,63393,67063,48.59,51.41,0.06,202,08
212,122,South East,E06000043,Brighton and Hove,198293,74.05,146829,146675,100648,46027,68.62,31.38,0.1,040,08
213,123,South East,E06000044,Portsmouth,140517,70.3,98786,98720,41384,57336,41.92,58.08,0.07,243,08
214,124,South East,E06000045,Southampton,158171,68.14,107775,107665,49738,57927,46.2,53.8,0.1,299,08
215,125,South East,E06000046,Isle of Wight,109844,72.31,79430,79380,30207,49173,38.05,61.95,0.06,167,08
216,180,South East,E07000004,Aylesbury Vale,136235,78.46,106895,106833,52877,53956,49.5,50.5,0.06,012,08
217,181,South East,E07000005,Chiltern,70185,83.57,58651,58604,32241,26363,55.02,44.98,0.08,069,08
218,182,South East,E07000006,South Bucks,52194,78.08,40755,40724,20077,20647,49.3,50.7,0.08,283,08
219,183,South East,E07000007,Wycombe,125260,75.74,94869,94790,49261,45529,51.97,48.03,0.08,379,08
220,217,South East,E07000061,Eastbourne,71726,74.73,53598,53545,22845,30700,42.67,57.33,0.1,112,08
221,218,South East,E07000062,Hastings,61957,71.64,44387,44350,20011,24339,45.12,54.88,0.08,152,08
222,219,South East,E07000063,Lewes,76428,77.89,59531,59482,30974,28508,52.07,47.93,0.08,181,08
223,220,South East,E07000064,Rother,72755,79.33,57715,57669,23916,33753,41.47,58.53,0.08,260,08
224,221,South East,E07000065,Wealden,121141,80.03,96944,96892,44084,52808,45.5,54.5,0.05,353,08
225,240,South East,E07000084,Basingstoke and Deane,128677,78.02,100395,100328,48257,52071,48.1,51.9,0.07,019,08
226,241,South East,E07000085,East Hampshire,90588,81.65,73967,73922,37346,36576,50.52,49.48,0.06,104,08
227,242,South East,E07000086,Eastleigh,97280,78.28,76148,76074,36172,39902,47.55,52.45,0.1,113,08
228,243,South East,E07000087,Fareham,90175,79.59,71772,71735,32210,39525,44.9,55.1,0.05,123,08
229,244,South East,E07000088,Gosport,62781,73.51,46150,46127,16671,29456,36.14,63.86,0.05,135,08
230,245,South East,E07000089,Hart,69946,82.67,57827,57795,30282,27513,52.4,47.6,0.06,150,08
231,246,South East,E07000090,Havant,95366,74.1,70670,70629,26582,44047,37.64,62.36,0.06,153,08
232,247,South East,E07000091,New Forest,141061,79.25,111786,111740,47199,64541,42.24,57.76,0.04,207,08
233,248,South East,E07000092,Rushmoor,65790,74.18,48800,48780,20384,28396,41.79,58.21,0.04,265,08
234,249,South East,E07000093,Test Valley,94559,79.65,75316,75261,36170,39091,48.06,51.94,0.07,329,08
235,250,South East,E07000094,Winchester,89595,81.26,72801,72764,42878,29886,58.93,41.07,0.05,369,08
236,261,South East,E07000105,Ashford,90516,77.14,69827,69786,28314,41472,40.57,59.43,0.06,011,08
237,262,South East,E07000106,Canterbury,109399,75.05,82105,82048,40169,41879,48.96,51.04,0.07,054,08
238,263,South East,E07000107,Dartford,73951,75.57,55883,55855,19985,35870,35.78,64.22,0.05,087,08
239,264,South East,E07000108,Dover,85011,76.53,65057,65016,24606,40410,37.85,62.15,0.06,093,08
240,265,South East,E07000109,Gravesham,72808,74.93,54553,54519,18876,35643,34.62,65.38,0.06,136,08
241,266,South East,E07000110,Maidstone,117298,76.02,89173,89127,36762,52365,41.25,58.75,0.05,187,08
242,267,South East,E07000111,Sevenoaks,87253,80.68,70393,70349,32091,38258,45.62,54.38,0.06,275,08
243,268,South East,E07000112,Shepway,80879,75.0,60659,60613,22884,37729,37.75,62.25,0.08,277,08
244,269,South East,E07000113,Swale,102209,74.27,75913,75869,28481,47388,37.54,62.46,0.06,319,08
245,270,South East,E07000114,Thanet,99108,72.8,72146,72102,26065,46037,36.15,63.85,0.06,331,08
246,271,South East,E07000115,Tonbridge and Malling,93019,79.62,74066,74021,32792,41229,44.3,55.7,0.06,334,08
247,272,South East,E07000116,Tunbridge Wells,82181,79.14,65039,64996,35676,29320,54.89,45.11,0.07,340,08
248,327,South East,E07000177,Cherwell,108342,75.6,81908,81836,40668,41168,49.69,50.31,0.09,064,08
249,328,South East,E07000178,Oxford,97331,72.34,70411,70337,49424,20913,70.27,29.73,0.11,236,08
250,329,South East,E07000179,South Oxfordshire,104231,80.75,84167,84110,46245,37865,54.98,45.02,0.07,294,08
251,330,South East,E07000180,Vale of White Horse,94487,81.18,76706,76654,43462,33192,56.7,43.3,0.07,343,08
252,331,South East,E07000181,West Oxfordshire,82441,79.72,65719,65671,35236,30435,53.66,46.34,0.07,363,08
253,352,South East,E07000207,Elmbridge,98613,78.14,77058,77003,45841,31162,59.53,40.47,0.07,116,08
254,353,South East,E07000208,Epsom and Ewell,56382,80.42,45343,45303,23596,21707,52.08,47.92,0.09,119,08
255,354,South East,E07000209,Guildford,102209,76.96,78657,78613,44155,34458,56.17,43.83,0.06,139,08
256,355,South East,E07000210,Mole Valley,66730,82.17,54829,54796,29088,25708,53.08,46.92,0.06,203,08
257,356,South East,E07000211,Reigate and Banstead,103731,78.28,81200,81161,40181,40980,49.51,50.49,0.05,251,08
258,357,South East,E07000212,Runnymede,58272,76.07,44326,44294,20259,24035,45.74,54.26,0.07,263,08
259,358,South East,E07000213,Spelthorne,72674,77.93,56638,56609,22474,34135,39.7,60.3,0.05,302,08
260,359,South East,E07000214,Surrey Heath,65569,79.81,52330,52305,25638,26667,49.02,50.98,0.05,317,08
261,360,South East,E07000215,Tandridge,64044,80.36,51466,51420,24251,27169,47.16,52.84,0.09,324,08
262,361,South East,E07000216,Waverley,92291,82.35,75999,75942,44341,31601,58.39,41.61,0.08,352,08
263,362,South East,E07000217,Woking,71313,77.49,55261,55221,31007,24214,56.15,43.85,0.07,372,08
264,368,South East,E07000223,Adur,48755,76.4,37251,37229,16914,20315,45.43,54.57,0.06,003,08
265,369,South East,E07000224,Arun,117138,77.86,91199,91129,34193,56936,37.52,62.48,0.08,009,08
266,370,South East,E07000225,Chichester,91659,77.91,71407,71337,35011,36326,49.08,50.92,0.1,068,08
267,371,South East,E07000226,Crawley,73575,73.24,53884,53835,22388,31447,41.59,58.41,0.09,083,08
268,372,South East,E07000227,Horsham,104270,81.65,85132,85088,43785,41303,51.46,48.54,0.05,161,08
269,373,South East,E07000228,Mid Sussex,108416,80.79,87588,87528,46471,41057,53.09,46.91,0.07,199,08
270,374,South East,E07000229,Worthing,81384,75.46,61416,61366,28851,32515,47.01,52.99,0.08,376,08
271,96,South West,E06000022,Bath and North East Somerset,136522,77.13,105300,105230,60878,44352,57.85,42.15,0.07,021,09
272,97,South West,E06000023,"Bristol, City of",312465,73.17,228646,228445,141027,87418,61.73,38.27,0.09,041,09
273,98,South West,E06000024,North Somerset,160860,77.47,124622,124548,59572,64976,47.83,52.17,0.06,223,09
274,99,South West,E06000025,South Gloucestershire,207793,76.24,158427,158333,74928,83405,47.32,52.68,0.06,286,09
275,102,South West,E06000026,Plymouth,186989,71.41,133523,133455,53458,79997,40.06,59.94,0.05,241,09
276,103,South West,E06000027,Torbay,102961,73.69,75868,75824,27935,47889,36.84,63.16,0.06,335,09
277,104,South West,E06000028,Bournemouth,132752,69.3,91997,91926,41473,50453,45.12,54.88,0.08,032,09
278,105,South West,E06000029,Poole,113421,75.38,85493,85448,35741,49707,41.83,58.17,0.05,242,09
279,106,South West,E06000030,Swindon,148960,75.9,113060,112965,51220,61745,45.34,54.66,0.08,321,09
280,100,South West,E06000052,Cornwall,419755,77.05,323442,323205,140540,182665,43.48,56.52,0.07,079,09
281,101,South West,E06000053,Isles of Scilly,1799,79.16,1424,1424,803,621,56.39,43.61,0.0,168,09
282,107,South West,E06000054,Wiltshire,366555,78.87,289102,288895,137258,151637,47.51,52.49,0.07,368,09
283,203,South West,E07000040,East Devon,112527,78.94,88831,88783,40743,48040,45.89,54.11,0.05,101,09
284,204,South West,E07000041,Exeter,86417,73.91,63867,63803,35270,28533,55.28,44.72,0.1,121,09
285,205,South West,E07000042,Mid Devon,60532,79.38,48049,48006,22400,25606,46.66,53.34,0.09,197,09
286,206,South West,E07000043,North Devon,75548,76.85,58056,58031,24931,33100,42.96,57.04,0.04,214,09
287,207,South West,E07000044,South Hams,69121,80.27,55485,55450,29308,26142,52.85,47.15,0.06,287,09
288,208,South West,E07000045,Teignbridge,103740,79.4,82369,82312,37949,44363,46.1,53.9,0.07,326,09
289,209,South West,E07000046,Torridge,52881,78.41,41462,41429,16229,25200,39.17,60.83,0.08,337,09
290,210,South West,E07000047,West Devon,43823,81.26,35612,35595,16658,18937,46.8,53.2,0.05,357,09
291,211,South West,E07000048,Christchurch,39176,79.3,31066,31050,12782,18268,41.17,58.83,0.05,071,09
292,212,South West,E07000049,East Dorset,71966,81.33,58530,58488,24786,33702,42.38,57.62,0.07,102,09
293,213,South West,E07000050,North Dorset,52980,79.71,42228,42201,18399,23802,43.6,56.4,0.06,215,09
294,214,South West,E07000051,Purbeck,36418,78.91,28736,28720,11754,16966,40.93,59.07,0.06,246,09
295,215,South West,E07000052,West Dorset,82071,79.49,65237,65191,31924,33267,48.97,51.03,0.07,358,09
296,216,South West,E07000053,Weymouth and Portland,50442,75.87,38271,38255,14903,23352,38.96,61.04,0.04,366,09
297,234,South West,E07000078,Cheltenham,87060,75.88,66057,66013,37081,28932,56.17,43.83,0.07,063,09
298,235,South West,E07000079,Cotswold,68734,79.8,54847,54821,28015,26806,51.1,48.9,0.05,080,09
299,236,South West,E07000080,Forest of Dean,66705,77.47,51677,51643,21392,30251,41.42,58.58,0.07,128,09
300,237,South West,E07000081,Gloucester,89661,72.06,64606,64577,26801,37776,41.5,58.5,0.04,134,09
301,238,South West,E07000082,Stroud,92631,80.03,74128,74064,40446,33618,54.61,45.39,0.09,314,09
302,239,South West,E07000083,Tewkesbury,67831,79.15,53686,53652,25084,28568,46.75,53.25,0.06,330,09
303,332,South West,E07000187,Mendip,85068,77.01,65509,65455,33427,32028,51.07,48.93,0.08,194,09
304,333,South West,E07000188,Sedgemoor,89714,76.3,68450,68414,26545,41869,38.8,61.2,0.05,272,09
305,334,South West,E07000189,South Somerset,126495,78.69,99535,99467,42527,56940,42.75,57.25,0.07,296,09
306,335,South West,E07000190,Taunton Deane,84164,78.16,65786,65733,30944,34789,47.08,52.92,0.08,325,09
307,336,South West,E07000191,West Somerset,27478,79.17,21753,21734,8566,13168,39.41,60.59,0.09,364,09
308,382,South West,GI,Gibraltar,24119,83.64,20172,20145,19322,823,95.91,4.09,0.13,132,09
309,126,Wales,W06000001,Isle of Anglesey,51445,73.82,37978,37951,18618,19333,49.06,50.94,0.07,006,10
310,127,Wales,W06000002,Gwynedd,84575,72.42,61245,61182,35517,25665,58.05,41.95,0.1,140,10
311,128,Wales,W06000003,Conwy,91368,71.75,65554,65504,30147,35357,46.02,53.98,0.08,076,10
312,129,Wales,W06000004,Denbighshire,75362,69.14,52108,52072,23955,28117,46.0,54.0,0.07,089,10
313,130,Wales,W06000005,Flintshire,115964,74.9,86854,86797,37867,48930,43.63,56.37,0.07,126,10
314,131,Wales,W06000006,Wrexham,98384,71.56,70407,70366,28822,41544,40.96,59.04,0.06,377,10
315,133,Wales,W06000008,Ceredigion,53400,74.48,39772,39742,21711,18031,54.63,45.37,0.08,060,10
316,134,Wales,W06000009,Pembrokeshire,92155,74.39,68555,68522,29367,39155,42.86,57.14,0.05,237,10
317,135,Wales,W06000010,Carmarthenshire,139227,74.07,103126,103035,47654,55381,46.25,53.75,0.09,057,10
318,136,Wales,W06000011,Swansea,172941,69.6,120362,120243,58307,61936,48.49,51.51,0.1,320,10
319,137,Wales,W06000012,Neath Port Talbot,105766,71.57,75694,75652,32651,43001,43.16,56.84,0.06,206,10
320,138,Wales,W06000013,Bridgend,104492,71.18,74378,74345,33723,40622,45.36,54.64,0.04,039,10
321,139,Wales,W06000014,Vale of Glamorgan,95011,76.15,72348,72309,36681,35628,50.73,49.27,0.05,342,10
322,147,Wales,W06000015,Cardiff,243689,69.66,169745,169604,101788,67816,60.02,39.98,0.08,055,10
323,140,Wales,W06000016,Rhondda Cynon Taf,172890,67.47,116645,116563,53973,62590,46.3,53.7,0.07,253,10
324,142,Wales,W06000018,Caerphilly,130801,70.74,92525,92473,39178,53295,42.37,57.63,0.06,049,10
325,143,Wales,W06000019,Blaenau Gwent,51136,68.08,34812,34802,13215,21587,37.97,62.03,0.03,028,10
326,144,Wales,W06000020,Torfaen,68957,69.86,48172,48144,19363,28781,40.22,59.78,0.06,336,10
327,145,Wales,W06000021,Monmouthshire,71607,77.74,55670,55630,28061,27569,50.44,49.56,0.07,204,10
328,146,Wales,W06000022,Newport,104977,70.21,73708,73649,32413,41236,44.01,55.99,0.08,212,10
329,132,Wales,W06000023,Powys,103270,77.0,79515,79469,36762,42707,46.26,53.74,0.06,244,10
330,141,Wales,W06000024,Merthyr Tydfil,42855,67.39,28881,28865,12574,16291,43.56,56.44,0.06,195,10
331,92,West Midlands,E06000019,"Herefordshire, County of",138247,78.36,108336,108270,44148,64122,40.78,59.22,0.06,155,11
332,93,West Midlands,E06000020,Telford and Wrekin,124338,72.15,89704,89603,32954,56649,36.78,63.22,0.11,327,11
333,95,West Midlands,E06000021,Stoke-on-Trent,179010,65.74,117674,117590,36027,81563,30.64,69.36,0.07,312,11
334,94,West Midlands,E06000051,Shropshire,236788,77.42,183323,183153,78987,104166,43.13,56.87,0.09,279,11
335,337,West Midlands,E07000192,Cannock Chase,75010,71.47,53607,53578,16684,36894,31.14,68.86,0.05,053,11
336,338,West Midlands,E07000193,East Staffordshire,83558,74.39,62161,62116,22850,39266,36.79,63.21,0.07,111,11
337,339,West Midlands,E07000194,Lichfield,80369,78.78,63318,63278,26064,37214,41.19,58.81,0.06,183,11
338,340,West Midlands,E07000195,Newcastle-under-Lyme,92816,74.3,68966,68934,25477,43457,36.96,63.04,0.05,209,11
339,341,West Midlands,E07000196,South Staffordshire,85777,77.81,66739,66692,23444,43248,35.15,64.85,0.07,297,11
340,342,West Midlands,E07000197,Stafford,99612,77.83,77527,77484,34098,43386,44.01,55.99,0.06,306,11
341,343,West Midlands,E07000198,Staffordshire Moorlands,79347,75.36,59793,59760,21076,38684,35.27,64.73,0.06,307,11
342,344,West Midlands,E07000199,Tamworth,56825,74.18,42151,42129,13705,28424,32.53,67.47,0.05,323,11
343,363,West Midlands,E07000218,North Warwickshire,49790,76.27,37975,37954,12569,25385,33.12,66.88,0.06,225,11
344,364,West Midlands,E07000219,Nuneaton and Bedworth,93978,74.35,69876,69831,23736,46095,33.99,66.01,0.06,232,11
345,365,West Midlands,E07000220,Rugby,74137,79.03,58593,58549,25350,33199,43.3,56.7,0.08,262,11
346,366,West Midlands,E07000221,Stratford-on-Avon,98014,80.82,79217,79158,38341,40817,48.44,51.56,0.07,313,11
347,367,West Midlands,E07000222,Warwick,103099,79.22,81680,81618,47976,33642,58.78,41.22,0.08,349,11
348,375,West Midlands,E07000234,Bromsgrove,74170,79.35,58855,58815,26252,32563,44.63,55.37,0.07,044,11
349,376,West Midlands,E07000235,Malvern Hills,60217,80.61,48538,48497,23203,25294,47.84,52.16,0.08,189,11
350,377,West Midlands,E07000236,Redditch,61038,75.22,45912,45882,17303,28579,37.71,62.29,0.07,250,11
351,378,West Midlands,E07000237,Worcester,73516,73.85,54290,54239,25125,29114,46.32,53.68,0.09,375,11
352,379,West Midlands,E07000238,Wychavon,94497,80.88,76425,76389,32188,44201,42.14,57.86,0.05,378,11
353,380,West Midlands,E07000239,Wyre Forest,77878,74.05,57666,57632,21240,36392,36.85,63.15,0.06,381,11
354,58,West Midlands,E08000025,Birmingham,707293,63.81,451316,450702,223451,227251,49.58,50.42,0.14,024,11
355,59,West Midlands,E08000026,Coventry,221389,69.21,153234,153064,67967,85097,44.4,55.6,0.11,081,11
356,60,West Midlands,E08000027,Dudley,244516,71.71,175333,175226,56780,118446,32.4,67.6,0.06,094,11
357,61,West Midlands,E08000028,Sandwell,221429,66.58,147418,147254,49004,98250,33.28,66.72,0.11,269,11
358,62,West Midlands,E08000029,Solihull,160425,76.06,122020,121950,53466,68484,43.84,56.16,0.06,281,11
359,63,West Midlands,E08000030,Walsall,194729,69.68,135685,135579,43572,92007,32.14,67.86,0.08,345,11
360,64,West Midlands,E08000031,Wolverhampton,174760,67.54,118037,117936,44138,73798,37.43,62.57,0.09,374,11
361,83,Yorkshire and The Humber,E06000010,"Kingston upon Hull, City of",180230,62.94,113436,113355,36709,76646,32.38,67.62,0.07,173,12
362,84,Yorkshire and The Humber,E06000011,East Riding of Yorkshire,266047,74.81,199036,198915,78779,120136,39.6,60.4,0.06,110,12
363,85,Yorkshire and The Humber,E06000012,North East Lincolnshire,116302,67.94,79011,78982,23797,55185,30.13,69.87,0.04,217,12
364,86,Yorkshire and The Humber,E06000013,North Lincolnshire,123611,71.92,88906,88862,29947,58915,33.7,66.3,0.05,221,12
365,87,Yorkshire and The Humber,E06000014,York,155157,70.69,109681,109600,63617,45983,58.04,41.96,0.07,382,12
366,313,Yorkshire and The Humber,E07000163,Craven,44320,81.02,35907,35891,16930,18961,47.17,52.83,0.04,082,12
367,314,Yorkshire and The Humber,E07000164,Hambleton,70133,78.45,55016,54982,25480,29502,46.34,53.66,0.06,143,12
368,315,Yorkshire and The Humber,E07000165,Harrogate,119987,78.89,94653,94585,48211,46374,50.97,49.03,0.07,148,12
369,316,Yorkshire and The Humber,E07000166,Richmondshire,36794,75.15,27652,27636,11945,15691,43.22,56.78,0.06,256,12
370,317,Yorkshire and The Humber,E07000167,Ryedale,41529,77.22,32069,32050,14340,17710,44.74,55.26,0.06,267,12
371,318,Yorkshire and The Humber,E07000168,Scarborough,82900,73.03,60539,60511,22999,37512,38.01,61.99,0.05,270,12
372,319,Yorkshire and The Humber,E07000169,Selby,65278,79.1,51636,51603,21071,30532,40.83,59.17,0.06,274,12
373,49,Yorkshire and The Humber,E08000016,Barnsley,175809,69.95,122972,122909,38951,83958,31.69,68.31,0.05,016,12
374,50,Yorkshire and The Humber,E08000017,Doncaster,217432,69.56,151246,151182,46922,104260,31.04,68.96,0.04,092,12
375,51,Yorkshire and The Humber,E08000018,Rotherham,197623,69.56,137470,137387,44115,93272,32.11,67.89,0.06,261,12
376,52,Yorkshire and The Humber,E08000019,Sheffield,396406,67.34,266951,266753,130735,136018,49.01,50.99,0.07,276,12
377,65,Yorkshire and The Humber,E08000032,Bradford,342817,66.72,228727,228488,104575,123913,45.77,54.23,0.1,034,12
378,66,Yorkshire and The Humber,E08000033,Calderdale,149195,71.05,106004,105925,46950,58975,44.32,55.68,0.07,050,12
379,67,Yorkshire and The Humber,E08000034,Kirklees,307081,70.8,217428,217240,98485,118755,45.33,54.67,0.09,175,12
380,68,Yorkshire and The Humber,E08000035,Leeds,543033,71.39,387677,387337,194863,192474,50.31,49.69,0.09,179,12
381,69,Yorkshire and The Humber,E08000036,Wakefield,246096,71.17,175155,175042,58877,116165,33.64,66.36,0.06,344,12
